"Response","Predictor","Estimate","Std.Error","DF","Crit.Value","P.Value","Std.Estimate","sig"
"InfDensity2","TotalDensity2",0.0789823507539627,0.00991403655327472,79,7.96671974422709,1.62941619660185e-15,0.457455105384703,"***"
"InfDensity2","MixingTrt",0.049578028620363,0.131706837922107,79,0.37642714229981,0.706599370710194,0.0190682266336875,""
"InfDensity2","EdChl2",-0.0101927595031564,0.00628422436234363,79,-1.62195983393488,0.104811948645847,-0.106974872050989,""
"TotalDensity2","EdChl2",-0.0127491670389777,0.0086461318366877,79,-1.47455154279279,0.140333150761032,-0.232070005783066,""
"TotalDensity2","MixingTrt",0.331837421777398,0.228449360502055,79,1.45256445913497,0.146344719964285,0.221357180783675,""
"EdChl2","TN2",0.0576093865689182,0.0119109356566689,79,4.83668019284975,1.32025588255362e-06,0.286845642208755,"***"
"EdChl2","MixingTrt",0.0963000527167364,0.447143079827268,79,0.215367422780952,0.829480866897326,0.0514836852784355,""
