"Response","Predictor","Estimate","Std.Error","DF","Crit.Value","P.Value","Std.Estimate","sig"
"InfDensity2","TotalDensity2",0.0834980198170092,0.00987279086341852,79,8.45738768015364,2.73433697394799e-17,0.485079332091564,"***"
"InfDensity2","MixingTrt",0.058078595748474,0.141947152271262,79,0.409156469990222,0.682424837164346,0.0224055355869303,""
"TotalDensity2","EdChl2",-0.0127491670389777,0.0086461318366877,79,-1.47455154279279,0.140333150761032,-0.232070005783066,""
"TotalDensity2","MixingTrt",0.331837421777398,0.228449360502055,79,1.45256445913497,0.146344719964285,0.221357180783675,""
"EdChl2","TP2",0.0529556367328777,0.0140734800173226,79,3.76279617178526,0.000168024141443163,0.258382995098665,"***"
"EdChl2","MixingTrt",0.0807926302489272,0.419390931465967,79,0.192642768804083,0.847238747585058,0.043394396107673,""
"~~TotalDensity2","~~TP2",0.150465466462773,NA,79,1.32683316881127,0.0942683519725809,0.150465466462773,""
